,Fips,count
0,01001,0.0
1,01009,0.0
2,01017,0.0
3,01021,0.0
4,01033,0.0
5,01045,0.0
6,01051,0.0
7,01065,0.0
8,01079,0.0
9,01083,0.0
10,01099,0.0
11,01107,0.0
12,01121,0.0
13,02050,0.0
14,02105,0.0
15,02122,0.0
16,02150,0.0
17,02164,0.0
18,02180,0.0
19,02188,0.0
20,02198,0.0
21,05141,0.0
22,05145,0.0
23,06005,0.0
24,06021,0.0
25,06033,0.0
26,06043,0.0
27,06055,0.0
28,06089,0.0
29,06099,0.0
30,06115,0.0
31,08003,0.0
32,08013,0.0
33,08014,0.0
34,08025,0.0
35,08031,0.0
36,08035,0.0
37,08047,0.0
38,12083,0.0
39,12087,0.0
40,12095,0.0
41,12111,0.0
42,12119,0.0
43,12125,0.0
44,13001,0.0
45,13013,0.0
46,13029,0.0
47,13043,0.0
48,13055,0.0
49,13059,0.0
50,13071,0.0
51,13079,0.0
52,13091,0.0
53,13107,0.0
54,13113,0.0
55,13123,0.0
56,08053,0.0
57,08057,0.0
58,08059,0.0
59,08073,0.0
60,08083,0.0
61,08095,0.0
62,08105,0.0
63,08111,0.0
64,08123,0.0
65,09015,0.0
66,12001,0.0
67,12013,0.0
68,12023,0.0
69,12039,0.0
70,12055,0.0
71,12059,0.0
72,12073,0.0
73,02261,0.0
74,02270,0.0
75,04003,0.0
76,04013,0.0
77,05001,0.0
78,05009,0.0
79,05019,0.0
80,05029,0.0
81,05043,0.0
82,05051,0.0
83,05061,0.0
84,05071,0.0
85,05085,0.0
86,05097,0.0
87,05101,0.0
88,05111,0.0
89,05123,0.0
90,05129,0.0
91,13309,0.0
92,13313,0.0
93,13319,0.0
94,15009,0.0
95,16015,0.0
96,16021,0.0
97,16045,0.0
98,16051,0.0
99,16057,0.0
100,16067,0.0
101,16081,0.0
102,17005,0.0
103,17009,0.0
104,17019,0.0
105,17029,0.0
106,17035,0.0
107,17049,0.0
108,17055,0.0
109,17065,0.0
110,18051,0.0
111,18059,0.0
112,18069,0.0
113,18079,0.0
114,18085,0.0
115,18095,0.0
116,18105,0.0
117,18115,0.0
118,18125,0.0
119,18131,0.0
120,18139,0.0
121,18153,0.0
122,18173,0.0
123,18179,0.0
124,18183,0.0
125,19009,0.0
126,19017,0.0
127,19021,0.0
128,19031,0.0
129,19039,0.0
130,17073,0.0
131,17077,0.0
132,17079,0.0
133,17089,0.0
134,17103,0.0
135,17107,0.0
136,17121,0.0
137,17129,0.0
138,17139,0.0
139,17145,0.0
140,17155,0.0
141,17169,0.0
142,17175,0.0
143,17179,0.0
144,17189,0.0
145,17203,0.0
146,18009,0.0
147,18011,0.0
148,18021,0.0
149,18033,0.0
150,13125,0.0
151,13129,0.0
152,13131,0.0
153,13139,0.0
154,13157,0.0
155,13169,0.0
156,13175,0.0
157,13187,0.0
158,13197,0.0
159,13201,0.0
160,13217,0.0
161,13225,0.0
162,13233,0.0
163,13243,0.0
164,13253,0.0
165,13265,0.0
166,13277,0.0
167,13285,0.0
168,13293,0.0
169,13303,0.0
170,20027,0.0
171,20029,0.0
172,20039,0.0
173,20049,0.0
174,20065,0.0
175,20075,0.0
176,20085,0.0
177,20095,0.0
178,20105,0.0
179,20115,0.0
180,20127,0.0
181,20135,0.0
182,20145,0.0
183,20155,0.0
184,20163,0.0
185,20173,0.0
186,20185,0.0
187,20195,0.0
188,20203,0.0
189,20205,0.0
190,21183,0.0
191,21187,0.0
192,21189,0.0
193,21199,0.0
194,21209,0.0
195,21219,0.0
196,21229,0.0
197,22001,0.0
198,22013,0.0
199,22033,0.0
200,22053,0.0
201,22073,0.0
202,22077,0.0
203,22089,0.0
204,22105,0.0
205,22115,0.0
206,21003,0.0
207,21009,0.0
208,21017,0.0
209,21025,0.0
210,21031,0.0
211,21043,0.0
212,21053,0.0
213,21063,0.0
214,21077,0.0
215,21087,0.0
216,21099,0.0
217,21103,0.0
218,21115,0.0
219,21121,0.0
220,21137,0.0
221,21143,0.0
222,21151,0.0
223,21157,0.0
224,21169,0.0
225,21175,0.0
226,19045,0.0
227,19047,0.0
228,19055,0.0
229,19063,0.0
230,19067,0.0
231,19079,0.0
232,19087,0.0
233,19095,0.0
234,19105,0.0
235,19113,0.0
236,19121,0.0
237,19125,0.0
238,19137,0.0
239,19141,0.0
240,19151,0.0
241,19161,0.0
242,19169,0.0
243,19175,0.0
244,19181,0.0
245,19195,0.0
246,20005,0.0
247,20015,0.0
248,27073,0.0
249,27083,0.0
250,27085,0.0
251,27093,0.0
252,27103,0.0
253,27113,0.0
254,27121,0.0
255,27127,0.0
256,27147,0.0
257,27153,0.0
258,27161,0.0
259,28003,0.0
260,28013,0.0
261,28017,0.0
262,28029,0.0
263,28037,0.0
264,28049,0.0
265,28061,0.0
266,28065,0.0
267,28075,0.0
268,22121,0.0
269,22127,0.0
270,23009,0.0
271,23029,0.0
272,24001,0.0
273,24003,0.0
274,24009,0.0
275,24017,0.0
276,24019,0.0
277,24029,0.0
278,24035,0.0
279,24037,0.0
280,24039,0.0
281,24041,0.0
282,25011,0.0
283,26009,0.0
284,26015,0.0
285,26023,0.0
286,26035,0.0
287,26037,0.0
288,26045,0.0
289,26057,0.0
290,26061,0.0
291,26073,0.0
292,26077,0.0
293,26083,0.0
294,26085,0.0
295,26091,0.0
296,26097,0.0
297,26103,0.0
298,26107,0.0
299,26111,0.0
300,26117,0.0
301,26123,0.0
302,26133,0.0
303,26143,0.0
304,26155,0.0
305,26161,0.0
306,26165,0.0
307,27009,0.0
308,27019,0.0
309,27029,0.0
310,27039,0.0
311,27051,0.0
312,27057,0.0
313,27067,0.0
314,29097,0.0
315,29103,0.0
316,29109,0.0
317,29117,0.0
318,29131,0.0
319,29137,0.0
320,29151,0.0
321,29159,0.0
322,29169,0.0
323,29179,0.0
324,29195,0.0
325,29205,0.0
326,29211,0.0
327,29221,0.0
328,29229,0.0
329,30013,0.0
330,30037,0.0
331,30043,0.0
332,31121,0.0
333,31125,0.0
334,31135,0.0
335,31137,0.0
336,31147,0.0
337,31159,0.0
338,31163,0.0
339,31171,0.0
340,31183,0.0
341,32009,0.0
342,32021,0.0
343,32033,0.0
344,34007,0.0
345,34015,0.0
346,34031,0.0
347,35001,0.0
348,35006,0.0
349,30051,0.0
350,30059,0.0
351,30069,0.0
352,30093,0.0
353,30099,0.0
354,30107,0.0
355,31003,0.0
356,31009,0.0
357,31023,0.0
358,31035,0.0
359,31037,0.0
360,31047,0.0
361,31053,0.0
362,31063,0.0
363,31073,0.0
364,31085,0.0
365,31093,0.0
366,31097,0.0
367,31117,0.0
368,28079,0.0
369,28083,0.0
370,28095,0.0
371,28099,0.0
372,28103,0.0
373,28115,0.0
374,28117,0.0
375,28127,0.0
376,28139,0.0
377,28151,0.0
378,29001,0.0
379,29009,0.0
380,29021,0.0
381,29033,0.0
382,29043,0.0
383,29053,0.0
384,29065,0.0
385,29075,0.0
386,29085,0.0
387,37001,0.0
388,37005,0.0
389,37017,0.0
390,37021,0.0
391,37027,0.0
392,37055,0.0
393,37057,0.0
394,37067,0.0
395,37081,0.0
396,37091,0.0
397,37103,0.0
398,37117,0.0
399,37127,0.0
400,37141,0.0
401,37151,0.0
402,37165,0.0
403,37167,0.0
404,39055,0.0
405,39063,0.0
406,39065,0.0
407,39075,0.0
408,39089,0.0
409,39097,0.0
410,39109,0.0
411,39121,0.0
412,39131,0.0
413,39143,0.0
414,39147,0.0
415,39159,0.0
416,39169,0.0
417,39173,0.0
418,40009,0.0
419,40019,0.0
420,40031,0.0
421,40043,0.0
422,40053,0.0
423,37181,0.0
424,37191,0.0
425,37197,0.0
426,38007,0.0
427,38019,0.0
428,38031,0.0
429,38035,0.0
430,38045,0.0
431,38061,0.0
432,38073,0.0
433,38079,0.0
434,38091,0.0
435,38103,0.0
436,39003,0.0
437,39015,0.0
438,39027,0.0
439,39039,0.0
440,39047,0.0
441,35015,0.0
442,35027,0.0
443,35028,0.0
444,35045,0.0
445,35053,0.0
446,36003,0.0
447,36021,0.0
448,36037,0.0
449,36043,0.0
450,36057,0.0
451,36069,0.0
452,36083,0.0
453,36095,0.0
454,36109,0.0
455,36121,0.0
456,36123,0.0
457,42013,0.0
458,42015,0.0
459,42021,0.0
460,42031,0.0
461,42047,0.0
462,42063,0.0
463,42069,0.0
464,42087,0.0
465,42093,0.0
466,42105,0.0
467,42113,0.0
468,42123,0.0
469,45005,0.0
470,45009,0.0
471,45027,0.0
472,45039,0.0
473,47005,0.0
474,47007,0.0
475,47013,0.0
476,47027,0.0
477,47031,0.0
478,47045,0.0
479,47057,0.0
480,47069,0.0
481,47081,0.0
482,47093,0.0
483,47105,0.0
484,47117,0.0
485,47129,0.0
486,47139,0.0
487,47151,0.0
488,47173,0.0
489,47179,0.0
490,45049,0.0
491,45053,0.0
492,45075,0.0
493,45081,0.0
494,46003,0.0
495,46007,0.0
496,46017,0.0
497,46029,0.0
498,46035,0.0
499,46043,0.0
500,46055,0.0
501,46061,0.0
502,46087,0.0
503,46095,0.0
504,46103,0.0
505,46111,0.0
506,46125,0.0
507,46137,0.0
508,40059,0.0
509,40063,0.0
510,40073,0.0
511,40081,0.0
512,40087,0.0
513,40097,0.0
514,40109,0.0
515,40123,0.0
516,40127,0.0
517,40147,0.0
518,40153,0.0
519,41017,0.0
520,41031,0.0
521,41037,0.0
522,41053,0.0
523,41069,0.0
524,42005,0.0
525,48357,0.0
526,48359,0.0
527,48367,0.0
528,48379,0.0
529,48381,0.0
530,48393,0.0
531,48397,0.0
532,48411,0.0
533,48425,0.0
534,48429,0.0
535,48433,0.0
536,48445,0.0
537,48449,0.0
538,48459,0.0
539,48463,0.0
540,48475,0.0
541,48491,0.0
542,48497,0.0
543,48507,0.0
544,49011,0.0
545,47185,0.0
546,47189,0.0
547,48009,0.0
548,48011,0.0
549,48021,0.0
550,48031,0.0
551,48047,0.0
552,48053,0.0
553,48063,0.0
554,48069,0.0
555,48079,0.0
556,48095,0.0
557,48099,0.0
558,48103,0.0
559,48115,0.0
560,48123,0.0
561,48127,0.0
562,48137,0.0
563,48149,0.0
564,48159,0.0
565,48169,0.0
566,48177,0.0
567,48179,0.0
568,48185,0.0
569,48191,0.0
570,48195,0.0
571,48217,0.0
572,48227,0.0
573,48233,0.0
574,48247,0.0
575,48251,0.0
576,48263,0.0
577,48265,0.0
578,48275,0.0
579,48283,0.0
580,48297,0.0
581,48303,0.0
582,48309,0.0
583,48319,0.0
584,48329,0.0
585,48339,0.0
586,48349,0.0
587,48353,0.0
588,51121,0.0
589,51125,0.0
590,51141,0.0
591,51145,0.0
592,51155,0.0
593,51157,0.0
594,51173,0.0
595,51187,0.0
596,51197,0.0
597,51510,0.0
598,51530,0.0
599,51540,0.0
600,51595,0.0
601,51660,0.0
602,51670,0.0
603,51760,0.0
604,51775,0.0
605,51820,0.0
606,53013,0.0
607,53021,0.0
608,55029,0.0
609,55033,0.0
610,55039,0.0
611,55045,0.0
612,55063,0.0
613,55069,0.0
614,55073,0.0
615,55081,0.0
616,55095,0.0
617,55103,0.0
618,55115,0.0
619,55129,0.0
620,55141,0.0
621,56025,0.0
622,56031,0.0
623,56033,0.0
624,56045,0.0
625,72013,0.0
626,53041,0.0
627,53045,0.0
628,53065,0.0
629,54001,0.0
630,54007,0.0
631,54013,0.0
632,54021,0.0
633,54039,0.0
634,54049,0.0
635,54061,0.0
636,54079,0.0
637,54089,0.0
638,54101,0.0
639,55003,0.0
640,55005,0.0
641,55007,0.0
642,55017,0.0
643,55025,0.0
644,49029,0.0
645,49031,0.0
646,49035,0.0
647,49051,0.0
648,50005,0.0
649,50019,0.0
650,51007,0.0
651,51017,0.0
652,51029,0.0
653,51043,0.0
654,51047,0.0
655,51063,0.0
656,51075,0.0
657,51101,0.0
658,51111,0.0
659,51113,0.0
660,01023,0.0
661,01025,0.0
662,01029,0.0
663,01031,0.0
664,01037,0.0
665,01047,0.0
666,01055,0.0
667,01059,0.0
668,01061,0.0
669,01067,0.0
670,01071,0.0
671,01081,0.0
672,01085,0.0
673,01087,0.0
674,01089,0.0
675,02070,0.0
676,02110,0.0
677,02130,0.0
678,02185,0.0
679,02195,0.0
680,02220,0.0
681,02230,0.0
682,05143,0.0
683,05147,0.0
684,06003,0.0
685,06007,0.0
686,01093,0.0
687,01095,0.0
688,01097,0.0
689,01101,0.0
690,01117,0.0
691,01119,0.0
692,01125,0.0
693,01131,0.0
694,02020,0.0
695,02068,0.0
696,72019,0.0
697,72025,0.0
698,72031,0.0
699,72045,0.0
700,72054,0.0
701,72061,0.0
702,72069,0.0
703,72083,0.0
704,72093,0.0
705,72105,0.0
706,72115,0.0
707,72129,0.0
708,72135,0.0
709,72145,0.0
710,01007,0.0
711,01011,0.0
712,01015,0.0
713,06045,0.0
714,06049,0.0
715,06051,0.0
716,06057,0.0
717,06059,0.0
718,06065,0.0
719,06069,0.0
720,06073,0.0
721,06075,0.0
722,06113,0.0
723,08001,0.0
724,08007,0.0
725,08009,0.0
726,08015,0.0
727,08017,0.0
728,08021,0.0
729,08023,0.0
730,08029,0.0
731,08037,0.0
732,08043,0.0
733,06081,0.0
734,06083,0.0
735,06087,0.0
736,06095,0.0
737,06101,0.0
738,06103,0.0
739,06109,0.0
740,06009,0.0
741,06013,0.0
742,06015,0.0
743,02013,0.0
744,13149,0.0
745,20059,0.0
746,06025,0.0
747,06029,0.0
748,06031,0.0
749,06039,0.0
750,13067,0.0
751,13069,0.0
752,13073,0.0
753,13077,0.0
754,13081,0.0
755,13087,0.0
756,13093,0.0
757,13095,0.0
758,13101,0.0
759,13103,0.0
760,13109,0.0
761,13115,0.0
762,13119,0.0
763,08061,0.0
764,08063,0.0
765,08069,0.0
766,12089,0.0
767,12091,0.0
768,12097,0.0
769,12099,0.0
770,12101,0.0
771,12107,0.0
772,12109,0.0
773,12113,0.0
774,12115,0.0
775,12117,0.0
776,12127,0.0
777,12131,0.0
778,13003,0.0
779,13005,0.0
780,13009,0.0
781,13015,0.0
782,13023,0.0
783,13025,0.0
784,13031,0.0
785,13037,0.0
786,13049,0.0
787,13053,0.0
788,13057,0.0
789,13063,0.0
790,09013,0.0
791,10005,0.0
792,11001,0.0
793,12003,0.0
794,12005,0.0
795,12011,0.0
796,12015,0.0
797,12071,0.0
798,12079,0.0
799,12081,0.0
800,02275,0.0
801,08085,0.0
802,12017,0.0
803,12029,0.0
804,12031,0.0
805,12041,0.0
806,12043,0.0
807,12045,0.0
808,12049,0.0
809,12051,0.0
810,12053,0.0
811,12061,0.0
812,12063,0.0
813,12069,0.0
814,08075,0.0
815,08077,0.0
816,08081,0.0
817,08087,0.0
818,08091,0.0
819,08097,0.0
820,08103,0.0
821,08109,0.0
822,08119,0.0
823,08121,0.0
824,08125,0.0
825,09003,0.0
826,09007,0.0
827,05015,0.0
828,05017,0.0
829,05025,0.0
830,05027,0.0
831,05033,0.0
832,05045,0.0
833,05047,0.0
834,05053,0.0
835,05059,0.0
836,05067,0.0
837,05073,0.0
838,05081,0.0
839,05083,0.0
840,05087,0.0
841,15001,0.0
842,15007,0.0
843,16001,0.0
844,16003,0.0
845,16009,0.0
846,16017,0.0
847,16019,0.0
848,05089,0.0
849,05091,0.0
850,05093,0.0
851,05099,0.0
852,05103,0.0
853,05113,0.0
854,05115,0.0
855,05121,0.0
856,05133,0.0
857,05137,0.0
858,13317,0.0
859,13321,0.0
860,04005,0.0
861,04009,0.0
862,04011,0.0
863,04012,0.0
864,04017,0.0
865,04021,0.0
866,04023,0.0
867,04027,0.0
868,05003,0.0
869,05013,0.0
870,16071,0.0
871,16077,0.0
872,16079,0.0
873,16083,0.0
874,17003,0.0
875,17007,0.0
876,17011,0.0
877,17015,0.0
878,17023,0.0
879,17033,0.0
880,17037,0.0
881,17041,0.0
882,17043,0.0
883,18117,0.0
884,18121,0.0
885,18127,0.0
886,18135,0.0
887,18137,0.0
888,18141,0.0
889,18149,0.0
890,18151,0.0
891,18159,0.0
892,18161,0.0
893,18167,0.0
894,18169,0.0
895,18175,0.0
896,18181,0.0
897,19001,0.0
898,17047,0.0
899,17051,0.0
900,17053,0.0
901,17057,0.0
902,17063,0.0
903,18055,0.0
904,18057,0.0
905,18065,0.0
906,18067,0.0
907,18071,0.0
908,18077,0.0
909,18087,0.0
910,18091,0.0
911,18097,0.0
912,18101,0.0
913,18103,0.0
914,18109,0.0
915,16023,0.0
916,16025,0.0
917,16029,0.0
918,16033,0.0
919,16041,0.0
920,16043,0.0
921,16047,0.0
922,16053,0.0
923,16055,0.0
924,16061,0.0
925,16065,0.0
926,16069,0.0
927,18007,0.0
928,18013,0.0
929,18015,0.0
930,18019,0.0
931,18025,0.0
932,18031,0.0
933,18035,0.0
934,18045,0.0
935,13137,0.0
936,13141,0.0
937,13147,0.0
938,13155,0.0
939,13159,0.0
940,13165,0.0
941,13171,0.0
942,13173,0.0
943,20091,0.0
944,20097,0.0
945,20099,0.0
946,20103,0.0
947,20109,0.0
948,20113,0.0
949,20119,0.0
950,20125,0.0
951,20131,0.0
952,20141,0.0
953,20143,0.0
954,20157,0.0
955,20165,0.0
956,20167,0.0
957,20171,0.0
958,20177,0.0
959,22057,0.0
960,22061,0.0
961,22063,0.0
962,22069,0.0
963,22075,0.0
964,22079,0.0
965,22081,0.0
966,22085,0.0
967,21111,0.0
968,21113,0.0
969,21123,0.0
970,21129,0.0
971,21135,0.0
972,21139,0.0
973,21145,0.0
974,21153,0.0
975,21159,0.0
976,21167,0.0
977,21171,0.0
978,21173,0.0
979,21179,0.0
980,19053,0.0
981,18003,0.0
982,13181,0.0
983,19061,0.0
984,19069,0.0
985,19075,0.0
986,19077,0.0
987,19089,0.0
988,19093,0.0
989,19101,0.0
990,19103,0.0
991,19107,0.0
992,19111,0.0
993,19127,0.0
994,19129,0.0
995,19135,0.0
996,19139,0.0
997,19145,0.0
998,20181,0.0
999,19153,0.0
1000,19155,0.0
1001,19159,0.0
1002,19163,0.0
1003,19171,0.0
1004,19177,0.0
1005,19183,0.0
1006,19189,0.0
1007,19193,0.0
1008,20003,0.0
1009,20009,0.0
1010,20017,0.0
1011,20019,0.0
1012,13211,0.0
1013,27081,0.0
1014,27089,0.0
1015,27091,0.0
1016,27095,0.0
1017,27097,0.0
1018,27099,0.0
1019,27105,0.0
1020,27109,0.0
1021,27111,0.0
1022,27115,0.0
1023,27117,0.0
1024,27119,0.0
1025,27129,0.0
1026,27133,0.0
1027,19059,0.0
1028,27141,0.0
1029,27145,0.0
1030,27149,0.0
1031,27157,0.0
1032,27163,0.0
1033,27171,0.0
1034,28005,0.0
1035,28009,0.0
1036,28011,0.0
1037,28015,0.0
1038,28021,0.0
1039,28031,0.0
1040,28039,0.0
1041,19149,0.0
1042,28045,0.0
1043,28051,0.0
1044,28053,0.0
1045,28059,0.0
1046,28067,0.0
1047,28073,0.0
1048,23007,0.0
1049,13215,0.0
1050,13239,0.0
1051,27077,0.0
1052,45031,0.0
1053,45035,0.0
1054,45037,0.0
1055,47011,0.0
1056,47017,0.0
1057,47021,0.0
1058,47025,0.0
1059,47033,0.0
1060,47035,0.0
1061,47041,0.0
1062,47047,0.0
1063,47049,0.0
1064,47059,0.0
1065,47061,0.0
1066,27137,0.0
1067,23015,0.0
1068,23021,0.0
1069,23023,0.0
1070,23031,0.0
1071,28041,0.0
1072,31149,0.0
1073,31151,0.0
1074,31155,0.0
1075,31161,0.0
1076,31169,0.0
1077,31173,0.0
1078,31181,0.0
1079,32005,0.0
1080,32007,0.0
1081,32013,0.0
1082,32017,0.0
1083,32023,0.0
1084,23011,0.0
1085,39105,0.0
1086,39107,0.0
1087,39117,0.0
1088,39119,0.0
1089,39125,0.0
1090,39129,0.0
1091,39133,0.0
1092,39135,0.0
1093,39139,0.0
1094,39141,0.0
1095,39149,0.0
1096,39151,0.0
1097,39157,0.0
1098,39161,0.0
1099,47065,0.0
1100,47067,0.0
1101,47071,0.0
1102,47077,0.0
1103,47083,0.0
1104,47087,0.0
1105,47095,0.0
1106,47101,0.0
1107,47107,0.0
1108,47109,0.0
1109,47111,0.0
1110,47119,0.0
1111,47125,0.0
1112,47135,0.0
1113,47137,0.0
1114,24011,0.0
1115,24013,0.0
1116,24021,0.0
1117,24023,0.0
1118,24031,0.0
1119,24033,0.0
1120,24043,0.0
1121,32031,0.0
1122,32510,0.0
1123,33003,0.0
1124,33009,0.0
1125,33015,0.0
1126,33019,0.0
1127,34003,0.0
1128,34009,0.0
1129,34013,0.0
1130,39167,0.0
1131,39171,0.0
1132,39175,0.0
1133,40003,0.0
1134,40011,0.0
1135,40013,0.0
1136,40017,0.0
1137,40025,0.0
1138,40029,0.0
1139,40035,0.0
1140,40039,0.0
1141,40045,0.0
1142,40049,0.0
1143,40055,0.0
1144,37193,0.0
1145,47141,0.0
1146,48045,0.0
1147,48049,0.0
1148,48055,0.0
1149,48061,0.0
1150,48065,0.0
1151,48067,0.0
1152,48073,0.0
1153,48077,0.0
1154,48081,0.0
1155,48085,0.0
1156,48087,0.0
1157,48091,0.0
1158,24047,0.0
1159,25007,0.0
1160,25013,0.0
1161,25015,0.0
1162,25017,0.0
1163,34017,0.0
1164,34019,0.0
1165,34021,0.0
1166,34029,0.0
1167,34033,0.0
1168,34035,0.0
1169,34041,0.0
1170,35007,0.0
1171,30055,0.0
1172,30057,0.0
1173,37195,0.0
1174,37199,0.0
1175,38005,0.0
1176,38009,0.0
1177,38017,0.0
1178,38027,0.0
1179,38029,0.0
1180,38037,0.0
1181,38039,0.0
1182,38043,0.0
1183,38047,0.0
1184,38053,0.0
1185,38059,0.0
1186,38063,0.0
1187,47001,0.0
1188,47003,0.0
1189,40065,0.0
1190,40071,0.0
1191,40083,0.0
1192,40085,0.0
1193,40091,0.0
1194,40099,0.0
1195,40101,0.0
1196,40107,0.0
1197,40111,0.0
1198,40117,0.0
1199,40119,0.0
1200,40125,0.0
1201,25021,0.0
1202,25023,0.0
1203,26003,0.0
1204,26005,0.0
1205,26007,0.0
1206,30063,0.0
1207,30065,0.0
1208,30071,0.0
1209,30077,0.0
1210,30083,0.0
1211,30087,0.0
1212,30091,0.0
1213,30097,0.0
1214,30101,0.0
1215,38065,0.0
1216,38067,0.0
1217,38071,0.0
1218,38075,0.0
1219,38081,0.0
1220,38089,0.0
1221,38093,0.0
1222,38097,0.0
1223,38101,0.0
1224,39001,0.0
1225,39005,0.0
1226,39011,0.0
1227,39013,0.0
1228,39017,0.0
1229,39019,0.0
1230,42003,0.0
1231,42007,0.0
1232,48361,0.0
1233,48369,0.0
1234,48383,0.0
1235,48385,0.0
1236,48387,0.0
1237,48395,0.0
1238,48399,0.0
1239,48403,0.0
1240,48415,0.0
1241,48417,0.0
1242,48419,0.0
1243,48423,0.0
1244,48427,0.0
1245,48431,0.0
1246,26017,0.0
1247,26019,0.0
1248,26021,0.0
1249,26027,0.0
1250,26031,0.0
1251,26033,0.0
1252,30109,0.0
1253,31007,0.0
1254,31011,0.0
1255,31013,0.0
1256,31019,0.0
1257,31025,0.0
1258,31029,0.0
1259,31033,0.0
1260,31039,0.0
1261,31045,0.0
1262,31051,0.0
1263,31057,0.0
1264,31071,0.0
1265,31075,0.0
1266,39023,0.0
1267,39025,0.0
1268,39029,0.0
1269,39033,0.0
1270,39037,0.0
1271,39041,0.0
1272,39043,0.0
1273,39049,0.0
1274,35019,0.0
1275,35021,0.0
1276,35025,0.0
1277,35033,0.0
1278,35039,0.0
1279,47143,0.0
1280,47147,0.0
1281,47149,0.0
1282,47155,0.0
1283,47161,0.0
1284,47167,0.0
1285,47175,0.0
1286,47177,0.0
1287,45055,0.0
1288,45061,0.0
1289,45065,0.0
1290,45071,0.0
1291,45073,0.0
1292,26041,0.0
1293,26043,0.0
1294,26047,0.0
1295,26051,0.0
1296,26065,0.0
1297,26069,0.0
1298,17131,0.0
1299,13191,0.0
1300,31079,0.0
1301,31081,0.0
1302,31083,0.0
1303,31087,0.0
1304,31099,0.0
1305,31101,0.0
1306,31105,0.0
1307,31109,0.0
1308,31115,0.0
1309,31119,0.0
1310,28091,0.0
1311,28097,0.0
1312,28101,0.0
1313,28109,0.0
1314,28119,0.0
1315,28121,0.0
1316,28129,0.0
1317,35041,0.0
1318,35043,0.0
1319,35049,0.0
1320,35057,0.0
1321,35061,0.0
1322,36007,0.0
1323,36011,0.0
1324,36013,0.0
1325,36019,0.0
1326,36027,0.0
1327,36033,0.0
1328,36035,0.0
1329,36039,0.0
1330,40131,0.0
1331,40135,0.0
1332,40137,0.0
1333,40143,0.0
1334,40145,0.0
1335,40149,0.0
1336,41003,0.0
1337,41005,0.0
1338,41011,0.0
1339,41013,0.0
1340,41021,0.0
1341,41027,0.0
1342,26075,0.0
1343,26079,0.0
1344,26081,0.0
1345,26087,0.0
1346,26093,0.0
1347,26095,0.0
1348,26099,0.0
1349,26101,0.0
1350,26115,0.0
1351,28137,0.0
1352,28141,0.0
1353,28143,0.0
1354,28153,0.0
1355,28155,0.0
1356,28157,0.0
1357,28163,0.0
1358,29007,0.0
1359,29017,0.0
1360,29023,0.0
1361,29029,0.0
1362,29035,0.0
1363,29041,0.0
1364,29045,0.0
1365,36041,0.0
1366,36045,0.0
1367,36051,0.0
1368,36055,0.0
1369,36059,0.0
1370,36063,0.0
1371,36071,0.0
1372,36073,0.0
1373,36075,0.0
1374,48435,0.0
1375,48437,0.0
1376,48441,0.0
1377,48447,0.0
1378,48451,0.0
1379,48453,0.0
1380,48457,0.0
1381,48467,0.0
1382,48469,0.0
1383,48477,0.0
1384,48483,0.0
1385,48485,0.0
1386,48489,0.0
1387,48499,0.0
1388,49001,0.0
1389,49007,0.0
1390,26071,0.0
1391,26125,0.0
1392,26131,0.0
1393,26135,0.0
1394,26145,0.0
1395,26147,0.0
1396,26157,0.0
1397,29047,0.0
1398,29051,0.0
1399,29055,0.0
1400,29057,0.0
1401,29061,0.0
1402,29067,0.0
1403,29073,0.0
1404,29077,0.0
1405,29079,0.0
1406,29087,0.0
1407,37011,0.0
1408,37013,0.0
1409,37019,0.0
1410,37025,0.0
1411,13223,0.0
1412,36081,0.0
1413,36087,0.0
1414,36089,0.0
1415,36093,0.0
1416,36099,0.0
1417,36103,0.0
1418,36107,0.0
1419,36117,0.0
1420,42017,0.0
1421,42023,0.0
1422,45079,0.0
1423,45083,0.0
1424,45085,0.0
1425,45089,0.0
1426,46005,0.0
1427,46011,0.0
1428,46019,0.0
1429,46023,0.0
1430,46033,0.0
1431,46039,0.0
1432,46041,0.0
1433,46045,0.0
1434,46051,0.0
1435,46059,0.0
1436,26159,0.0
1437,26163,0.0
1438,27001,0.0
1439,27003,0.0
1440,27011,0.0
1441,27017,0.0
1442,27025,0.0
1443,27035,0.0
1444,27037,0.0
1445,27041,0.0
1446,27043,0.0
1447,27045,0.0
1448,27053,0.0
1449,27059,0.0
1450,37035,0.0
1451,37037,0.0
1452,37039,0.0
1453,37041,0.0
1454,37047,0.0
1455,37059,0.0
1456,37061,0.0
1457,37065,0.0
1458,37069,0.0
1459,37071,0.0
1460,37075,0.0
1461,37077,0.0
1462,37083,0.0
1463,37087,0.0
1464,42027,0.0
1465,42029,0.0
1466,42033,0.0
1467,42039,0.0
1468,42045,0.0
1469,42049,0.0
1470,42051,0.0
1471,42055,0.0
1472,42061,0.0
1473,42067,0.0
1474,42073,0.0
1475,42079,0.0
1476,41029,0.0
1477,41033,0.0
1478,41039,0.0
1479,41043,0.0
1480,41049,0.0
1481,41051,0.0
1482,41059,0.0
1483,41065,0.0
1484,41071,0.0
1485,27063,0.0
1486,27065,0.0
1487,27069,0.0
1488,29105,0.0
1489,29111,0.0
1490,29119,0.0
1491,29125,0.0
1492,29129,0.0
1493,29139,0.0
1494,29141,0.0
1495,29147,0.0
1496,29153,0.0
1497,29157,0.0
1498,29161,0.0
1499,29167,0.0
1500,37095,0.0
1501,37099,0.0
1502,37105,0.0
1503,37111,0.0
1504,37115,0.0
1505,37121,0.0
1506,37129,0.0
1507,37135,0.0
1508,37139,0.0
1509,37143,0.0
1510,37147,0.0
1511,37153,0.0
1512,42085,0.0
1513,42089,0.0
1514,42095,0.0
1515,42101,0.0
1516,42109,0.0
1517,42111,0.0
1518,42115,0.0
1519,42119,0.0
1520,42121,0.0
1521,42125,0.0
1522,42133,0.0
1523,49009,0.0
1524,49013,0.0
1525,49019,0.0
1526,49023,0.0
1527,48001,0.0
1528,48013,0.0
1529,48015,0.0
1530,48017,0.0
1531,48023,0.0
1532,48025,0.0
1533,48029,0.0
1534,48033,0.0
1535,48035,0.0
1536,48039,0.0
1537,29171,0.0
1538,29175,0.0
1539,29177,0.0
1540,29181,0.0
1541,29186,0.0
1542,29187,0.0
1543,29197,0.0
1544,29203,0.0
1545,29207,0.0
1546,29213,0.0
1547,29219,0.0
1548,29225,0.0
1549,29510,0.0
1550,30003,0.0
1551,37159,0.0
1552,37163,0.0
1553,37169,0.0
1554,37175,0.0
1555,39061,0.0
1556,39071,0.0
1557,39077,0.0
1558,39081,0.0
1559,39087,0.0
1560,39093,0.0
1561,39099,0.0
1562,39101,0.0
1563,44001,0.0
1564,44003,0.0
1565,44005,0.0
1566,45001,0.0
1567,45003,0.0
1568,45007,0.0
1569,45017,0.0
1570,45023,0.0
1571,45025,0.0
1572,46063,0.0
1573,46065,0.0
1574,46069,0.0
1575,46075,0.0
1576,46079,0.0
1577,46085,0.0
1578,46093,0.0
1579,46097,0.0
1580,46101,0.0
1581,46113,0.0
1582,46115,0.0
1583,46117,0.0
1584,46121,0.0
1585,46127,0.0
1586,30005,0.0
1587,30009,0.0
1588,30015,0.0
1589,30019,0.0
1590,30023,0.0
1591,30029,0.0
1592,30035,0.0
1593,30041,0.0
1594,31129,0.0
1595,31133,0.0
1596,31141,0.0
1597,19007,0.0
1598,19011,0.0
1599,19015,0.0
1600,19019,0.0
1601,19023,0.0
1602,19027,0.0
1603,19033,0.0
1604,17081,0.0
1605,17091,0.0
1606,17093,0.0
1607,17099,0.0
1608,17101,0.0
1609,17105,0.0
1610,17109,0.0
1611,17111,0.0
1612,17117,0.0
1613,17125,0.0
1614,17127,0.0
1615,13185,0.0
1616,13189,0.0
1617,13195,0.0
1618,13199,0.0
1619,13205,0.0
1620,13209,0.0
1621,13213,0.0
1622,13221,0.0
1623,13229,0.0
1624,13231,0.0
1625,13235,0.0
1626,13241,0.0
1627,13247,0.0
1628,13255,0.0
1629,13257,0.0
1630,13267,0.0
1631,13269,0.0
1632,20183,0.0
1633,20187,0.0
1634,20189,0.0
1635,20197,0.0
1636,20207,0.0
1637,21191,0.0
1638,21193,0.0
1639,21201,0.0
1640,21205,0.0
1641,21207,0.0
1642,21217,0.0
1643,21221,0.0
1644,21231,0.0
1645,21233,0.0
1646,21237,0.0
1647,21239,0.0
1648,22005,0.0
1649,22091,0.0
1650,22093,0.0
1651,22097,0.0
1652,22099,0.0
1653,22103,0.0
1654,22113,0.0
1655,22117,0.0
1656,21011,0.0
1657,21013,0.0
1658,21015,0.0
1659,21027,0.0
1660,21029,0.0
1661,17133,0.0
1662,17137,0.0
1663,17141,0.0
1664,17143,0.0
1665,17147,0.0
1666,17153,0.0
1667,17159,0.0
1668,17165,0.0
1669,17167,0.0
1670,17177,0.0
1671,17183,0.0
1672,17191,0.0
1673,17195,0.0
1674,17197,0.0
1675,18001,0.0
1676,13275,0.0
1677,13279,0.0
1678,13281,0.0
1679,13289,0.0
1680,13295,0.0
1681,13301,0.0
1682,20035,0.0
1683,20041,0.0
1684,20047,0.0
1685,20051,0.0
1686,20053,0.0
1687,20057,0.0
1688,20063,0.0
1689,20073,0.0
1690,20077,0.0
1691,20079,0.0
1692,20087,0.0
1693,22011,0.0
1694,22015,0.0
1695,22017,0.0
1696,22023,0.0
1697,22031,0.0
1698,22035,0.0
1699,22041,0.0
1700,22043,0.0
1701,22049,0.0
1702,22051,0.0
1703,22055,0.0
1704,21035,0.0
1705,21039,0.0
1706,21041,0.0
1707,21045,0.0
1708,21057,0.0
1709,21065,0.0
1710,21067,0.0
1711,21071,0.0
1712,21079,0.0
1713,21083,0.0
1714,21085,0.0
1715,21091,0.0
1716,21097,0.0
1717,21101,0.0
1718,21107,0.0
1719,48267,0.0
1720,48271,0.0
1721,48277,0.0
1722,48281,0.0
1723,48285,0.0
1724,48287,0.0
1725,48291,0.0
1726,48293,0.0
1727,48295,0.0
1728,48301,0.0
1729,48305,0.0
1730,48307,0.0
1731,48317,0.0
1732,48323,0.0
1733,48327,0.0
1734,48331,0.0
1735,48333,0.0
1736,51800,0.0
1737,51810,0.0
1738,51840,0.0
1739,53001,0.0
1740,53003,0.0
1741,53005,0.0
1742,53015,0.0
1743,53017,0.0
1744,53019,0.0
1745,53023,0.0
1746,53025,0.0
1747,51600,0.0
1748,55101,0.0
1749,55107,0.0
1750,55111,0.0
1751,55113,0.0
1752,55119,0.0
1753,55123,0.0
1754,55125,0.0
1755,55133,0.0
1756,55139,0.0
1757,56003,0.0
1758,56009,0.0
1759,56017,0.0
1760,56019,0.0
1761,54023,0.0
1762,54025,0.0
1763,54027,0.0
1764,54033,0.0
1765,54037,0.0
1766,54045,0.0
1767,54051,0.0
1768,54053,0.0
1769,54059,0.0
1770,54065,0.0
1771,54069,0.0
1772,54075,0.0
1773,48341,0.0
1774,54083,0.0
1775,54087,0.0
1776,54091,0.0
1777,54093,0.0
1778,54097,0.0
1779,54099,0.0
1780,54103,0.0
1781,54105,0.0
1782,54107,0.0
1783,55011,0.0
1784,55013,0.0
1785,55019,0.0
1786,55021,0.0
1787,55023,0.0
1788,53029,0.0
1789,49039,0.0
1790,49043,0.0
1791,49045,0.0
1792,49049,0.0
1793,49057,0.0
1794,50003,0.0
1795,50007,0.0
1796,50011,0.0
1797,50015,0.0
1798,50021,0.0
1799,56023,0.0
1800,51005,0.0
1801,51011,0.0
1802,51013,0.0
1803,51015,0.0
1804,51019,0.0
1805,51025,0.0
1806,51031,0.0
1807,51033,0.0
1808,51036,0.0
1809,51045,0.0
1810,51049,0.0
1811,51051,0.0
1812,54081,0.0
1813,51061,0.0
1814,51067,0.0
1815,51069,0.0
1816,51073,0.0
1817,51081,0.0
1818,51085,0.0
1819,51091,0.0
1820,51095,0.0
1821,51103,0.0
1822,49037,0.0
1823,51119,0.0
1824,72027,0.0
1825,72035,0.0
1826,72041,0.0
1827,72043,0.0
1828,72053,0.0
1829,72055,0.0
1830,72059,0.0
1831,72067,0.0
1832,72073,0.0
1833,50025,0.0
1834,72005,0.0
1835,53037,0.0
1836,53039,0.0
1837,53059,0.0
1838,53075,0.0
1839,54017,0.0
1840,54029,0.0
1841,54043,0.0
1842,54055,0.0
1843,54073,0.0
1844,54085,0.0
1845,54095,0.0
1846,51057,0.0
1847,72079,0.0
1848,72081,0.0
1849,72089,0.0
1850,72095,0.0
1851,72101,0.0
1852,72103,0.0
1853,72109,0.0
1854,72117,0.0
1855,72119,0.0
1856,72125,0.0
1857,72131,0.0
1858,72137,0.0
1859,72143,0.0
1860,51115,0.0
1861,22095,0.0
1862,22111,0.0
1863,21001,0.0
1864,21005,0.0
1865,21007,0.0
1866,21019,0.0
1867,21037,0.0
1868,21049,0.0
1869,21061,0.0
1870,21069,0.0
1871,21081,0.0
1872,21093,0.0
1873,21109,0.0
1874,21125,0.0
1875,21131,0.0
1876,72075,0.0
1877,40037,0.0
1878,40047,0.0
1879,37183,0.0
1880,37187,0.0
1881,38003,0.0
1882,38013,0.0
1883,38025,0.0
1884,38041,0.0
1885,38055,0.0
1886,38069,0.0
1887,38087,0.0
1888,38095,0.0
1889,39009,0.0
1890,39021,0.0
1891,54109,0.0
1892,55015,0.0
1893,55027,0.0
1894,49027,0.0
1895,49033,0.0
1896,49041,0.0
1897,49055,0.0
1898,50013,0.0
1899,51003,0.0
1900,51009,0.0
1901,51023,0.0
1902,51035,0.0
1903,51053,0.0
1904,51065,0.0
1905,72147,0.0
1906,72151,0.0
1907,72153,0.0
1908,01003,0.0
1909,01027,0.0
1910,01041,0.0
1911,01057,0.0
1912,01073,0.0
1913,01091,0.0
1914,01103,0.0
1915,01115,0.0
1916,01129,0.0
1917,21147,0.0
1918,21165,0.0
1919,21181,0.0
1920,19041,0.0
1921,19043,0.0
1922,19049,0.0
1923,19057,0.0
1924,19073,0.0
1925,19081,0.0
1926,19091,0.0
1927,19099,0.0
1928,19115,0.0
1929,19131,0.0
1930,19147,0.0
1931,19157,0.0
1932,19165,0.0
1933,19179,0.0
1934,19187,0.0
1935,19197,0.0
1936,39031,0.0
1937,39045,0.0
1938,35013,0.0
1939,35017,0.0
1940,35037,0.0
1941,35059,0.0
1942,36017,0.0
1943,36031,0.0
1944,36049,0.0
1945,36065,0.0
1946,36077,0.0
1947,51079,0.0
1948,12129,0.0
1949,13011,0.0
1950,13019,0.0
1951,13027,0.0
1952,13033,0.0
1953,13039,0.0
1954,13051,0.0
1955,13061,0.0
1956,02240,0.0
1957,05149,0.0
1958,06011,0.0
1959,06027,0.0
1960,06047,0.0
1961,06063,0.0
1962,06077,0.0
1963,06091,0.0
1964,06107,0.0
1965,08011,0.0
1966,08019,0.0
1967,08027,0.0
1968,20013,0.0
1969,20023,0.0
1970,27071,0.0
1971,27079,0.0
1972,27087,0.0
1973,27101,0.0
1974,27107,0.0
1975,27125,0.0
1976,27131,0.0
1977,27143,0.0
1978,27159,0.0
1979,27169,0.0
1980,28007,0.0
1981,28023,0.0
1982,28035,0.0
1983,28043,0.0
1984,36091,0.0
1985,36101,0.0
1986,36113,0.0
1987,42011,0.0
1988,42019,0.0
1989,42025,0.0
1990,42037,0.0
1991,42053,0.0
1992,42057,0.0
1993,42075,0.0
1994,42081,0.0
1995,42099,0.0
1996,42117,0.0
1997,42131,0.0
1998,72149,0.0
1999,01005,0.0
2000,01013,0.0
2001,01019,0.0
2002,06041,0.0
2003,06053,0.0
2004,06061,0.0
2005,02090,0.0
2006,08041,0.0
2007,08049,0.0
2008,12085,0.0
2009,12093,0.0
2010,12105,0.0
2011,12121,0.0
2012,12133,0.0
2013,13007,0.0
2014,13021,0.0
2015,13035,0.0
2016,13047,0.0
2017,13065,0.0
2018,13075,0.0
2019,28057,0.0
2020,28069,0.0
2021,22119,0.0
2022,22125,0.0
2023,23017,0.0
2024,24015,0.0
2025,24027,0.0
2026,25001,0.0
2027,25003,0.0
2028,25027,0.0
2029,26025,0.0
2030,26039,0.0
2031,26049,0.0
2032,44007,0.0
2033,45021,0.0
2034,45033,0.0
2035,45045,0.0
2036,47009,0.0
2037,47019,0.0
2038,47037,0.0
2039,47051,0.0
2040,47063,0.0
2041,47075,0.0
2042,47085,0.0
2043,47099,0.0
2044,47113,0.0
2045,47127,0.0
2046,06019,0.0
2047,06023,0.0
2048,06035,0.0
2049,06037,0.0
2050,13085,0.0
2051,13099,0.0
2052,13117,0.0
2053,08051,0.0
2054,08055,0.0
2055,08065,0.0
2056,08079,0.0
2057,08089,0.0
2058,08101,0.0
2059,08117,0.0
2060,09005,0.0
2061,12007,0.0
2062,12019,0.0
2063,12027,0.0
2064,12035,0.0
2065,26059,0.0
2066,26063,0.0
2067,26113,0.0
2068,26119,0.0
2069,26129,0.0
2070,26137,0.0
2071,26149,0.0
2072,27005,0.0
2073,27013,0.0
2074,27023,0.0
2075,27033,0.0
2076,27047,0.0
2077,27061,0.0
2078,29095,0.0
2079,47133,0.0
2080,47145,0.0
2081,47159,0.0
2082,47165,0.0
2083,45047,0.0
2084,45051,0.0
2085,45059,0.0
2086,45069,0.0
2087,45087,0.0
2088,46015,0.0
2089,46025,0.0
2090,46037,0.0
2091,46049,0.0
2092,46057,0.0
2093,46067,0.0
2094,46077,0.0
2095,51097,0.0
2096,51109,0.0
2097,01035,0.0
2098,01039,0.0
2099,01049,0.0
2100,01053,0.0
2101,01063,0.0
2102,01069,0.0
2103,01075,0.0
2104,01077,0.0
2105,12047,0.0
2106,12067,0.0
2107,12077,0.0
2108,04001,0.0
2109,04007,0.0
2110,04019,0.0
2111,05011,0.0
2112,05023,0.0
2113,05037,0.0
2114,05039,0.0
2115,05055,0.0
2116,05065,0.0
2117,05079,0.0
2118,29099,0.0
2119,29115,0.0
2120,29121,0.0
2121,29135,0.0
2122,29145,0.0
2123,29163,0.0
2124,29173,0.0
2125,29185,0.0
2126,29201,0.0
2127,29215,0.0
2128,29223,0.0
2129,30007,0.0
2130,30021,0.0
2131,30031,0.0
2132,46091,0.0
2133,46107,0.0
2134,46119,0.0
2135,46129,0.0
2136,40057,0.0
2137,40061,0.0
2138,40069,0.0
2139,40075,0.0
2140,40093,0.0
2141,40103,0.0
2142,40115,0.0
2143,40133,0.0
2144,40141,0.0
2145,41009,0.0
2146,06067,0.0
2147,06071,0.0
2148,06111,0.0
2149,08005,0.0
2150,05109,0.0
2151,05117,0.0
2152,05135,0.0
2153,13307,0.0
2154,13311,0.0
2155,13315,0.0
2156,15005,0.0
2157,16005,0.0
2158,16027,0.0
2159,16039,0.0
2160,16063,0.0
2161,16075,0.0
2162,17001,0.0
2163,17017,0.0
2164,30047,0.0
2165,31123,0.0
2166,31127,0.0
2167,31143,0.0
2168,31153,0.0
2169,31167,0.0
2170,31179,0.0
2171,31185,0.0
2172,32011,0.0
2173,32027,0.0
2174,33005,0.0
2175,33017,0.0
2176,34027,0.0
2177,34037,0.0
2178,41023,0.0
2179,41047,0.0
2180,41061,0.0
2181,42009,0.0
2182,48355,0.0
2183,48363,0.0
2184,48373,0.0
2185,48389,0.0
2186,48405,0.0
2187,48413,0.0
2188,48421,0.0
2189,48439,0.0
2190,48455,0.0
2191,48471,0.0
2192,13083,0.0
2193,13089,0.0
2194,13097,0.0
2195,13105,0.0
2196,13111,0.0
2197,13121,0.0
2198,08067,0.0
2199,08071,0.0
2200,05095,0.0
2201,17025,0.0
2202,17039,0.0
2203,17045,0.0
2204,17061,0.0
2205,17069,0.0
2206,18049,0.0
2207,18053,0.0
2208,18063,0.0
2209,18075,0.0
2210,18093,0.0
2211,18099,0.0
2212,18113,0.0
2213,18119,0.0
2214,18133,0.0
2215,18145,0.0
2216,18157,0.0
2217,35011,0.0
2218,30049,0.0
2219,30053,0.0
2220,30075,0.0
2221,30085,0.0
2222,31001,0.0
2223,31005,0.0
2224,31017,0.0
2225,31027,0.0
2226,31041,0.0
2227,31059,0.0
2228,31069,0.0
2229,31077,0.0
2230,31089,0.0
2231,48481,0.0
2232,48493,0.0
2233,48503,0.0
2234,49005,0.0
2235,49017,0.0
2236,47183,0.0
2237,47187,0.0
2238,48003,0.0
2239,48019,0.0
2240,48027,0.0
2241,48041,0.0
2242,48059,0.0
2243,48075,0.0
2244,48083,0.0
2245,48089,0.0
2246,02100,0.0
2247,02170,0.0
2248,06001,0.0
2249,01105,0.0
2250,01111,0.0
2251,01113,0.0
2252,01123,0.0
2253,18165,0.0
2254,19003,0.0
2255,19013,0.0
2256,19025,0.0
2257,19035,0.0
2258,17071,0.0
2259,17075,0.0
2260,17087,0.0
2261,17095,0.0
2262,17113,0.0
2263,17123,0.0
2264,17135,0.0
2265,17151,0.0
2266,17163,0.0
2267,17187,0.0
2268,17199,0.0
2269,31107,0.0
2270,28077,0.0
2271,28081,0.0
2272,28085,0.0
2273,28087,0.0
2274,28107,0.0
2275,28123,0.0
2276,28133,0.0
2277,28145,0.0
2278,28159,0.0
2279,29003,0.0
2280,29015,0.0
2281,29027,0.0
2282,29039,0.0
2283,29049,0.0
2284,29059,0.0
2285,29071,0.0
2286,48107,0.0
2287,48119,0.0
2288,48131,0.0
2289,48143,0.0
2290,48153,0.0
2291,48163,0.0
2292,48171,0.0
2293,48173,0.0
2294,48175,0.0
2295,48183,0.0
2296,48187,0.0
2297,48205,0.0
2298,48209,0.0
2299,48219,0.0
2300,48231,0.0
2301,48241,0.0
2302,48255,0.0
2303,48269,0.0
2304,48279,0.0
2305,48289,0.0
2306,08033,0.0
2307,08039,0.0
2308,08045,0.0
2309,06079,0.0
2310,06093,0.0
2311,06097,0.0
2312,06105,0.0
2313,06017,0.0
2314,18005,0.0
2315,18017,0.0
2316,18027,0.0
2317,18041,0.0
2318,18043,0.0
2319,13127,0.0
2320,13133,0.0
2321,13143,0.0
2322,13153,0.0
2323,13163,0.0
2324,13183,0.0
2325,13193,0.0
2326,13207,0.0
2327,13219,0.0
2328,13227,0.0
2329,13237,0.0
2330,13249,0.0
2331,29083,0.0
2332,29093,0.0
2333,37003,0.0
2334,37007,0.0
2335,37009,0.0
2336,37033,0.0
2337,37045,0.0
2338,37063,0.0
2339,37073,0.0
2340,37085,0.0
2341,37097,0.0
2342,37109,0.0
2343,37123,0.0
2344,37133,0.0
2345,37145,0.0
2346,48299,0.0
2347,48313,0.0
2348,48325,0.0
2349,48335,0.0
2350,48343,0.0
2351,51127,0.0
2352,51133,0.0
2353,51167,0.0
2354,51179,0.0
2355,51515,0.0
2356,51590,0.0
2357,51620,0.0
2358,51680,0.0
2359,51720,0.0
2360,51740,0.0
2361,51830,0.0
2362,12086,0.0
2363,12103,0.0
2364,12123,0.0
2365,13259,0.0
2366,13271,0.0
2367,13283,0.0
2368,13297,0.0
2369,20025,0.0
2370,20031,0.0
2371,20033,0.0
2372,20045,0.0
2373,20055,0.0
2374,20069,0.0
2375,20081,0.0
2376,20093,0.0
2377,20101,0.0
2378,20111,0.0
2379,20123,0.0
2380,20133,0.0
2381,20139,0.0
2382,20151,0.0
2383,20159,0.0
2384,20169,0.0
2385,37157,0.0
2386,37173,0.0
2387,37179,0.0
2388,39059,0.0
2389,39069,0.0
2390,39083,0.0
2391,39091,0.0
2392,39103,0.0
2393,39115,0.0
2394,39127,0.0
2395,39137,0.0
2396,39153,0.0
2397,39165,0.0
2398,40005,0.0
2399,40015,0.0
2400,40027,0.0
2401,53011,0.0
2402,53035,0.0
2403,55053,0.0
2404,55067,0.0
2405,55078,0.0
2406,55087,0.0
2407,55099,0.0
2408,55109,0.0
2409,55121,0.0
2410,55135,0.0
2411,56005,0.0
2412,56015,0.0
2413,56041,0.0
2414,01127,0.0
2415,01133,0.0
2416,02016,0.0
2417,02060,0.0
2418,72017,0.0
2419,72021,0.0
2420,72029,0.0
2421,72039,0.0
2422,72051,0.0
2423,72063,0.0
2424,72077,0.0
2425,72085,0.0
2426,72099,0.0
2427,72111,0.0
2428,72123,0.0
2429,72139,0.0
2430,20179,0.0
2431,20191,0.0
2432,20209,0.0
2433,21185,0.0
2434,21197,0.0
2435,21203,0.0
2436,21215,0.0
2437,21227,0.0
2438,21235,0.0
2439,22007,0.0
2440,22021,0.0
2441,22025,0.0
2442,22047,0.0
2443,22059,0.0
2444,22067,0.0
2445,22083,0.0
2446,48101,0.0
2447,48105,0.0
2448,48109,0.0
2449,48111,0.0
2450,48113,0.0
2451,48121,0.0
2452,48125,0.0
2453,48133,0.0
2454,48139,0.0
2455,48145,0.0
2456,48147,0.0
2457,48151,0.0
2458,48157,0.0
2459,48181,0.0
2460,48189,0.0
2461,48193,0.0
2462,48345,0.0
2463,48347,0.0
2464,48351,0.0
2465,51135,0.0
2466,51137,0.0
2467,51139,0.0
2468,51143,0.0
2469,51153,0.0
2470,51163,0.0
2471,51169,0.0
2472,51171,0.0
2473,51181,0.0
2474,51183,0.0
2475,53033,0.0
2476,55035,0.0
2477,55037,0.0
2478,55041,0.0
2479,55043,0.0
2480,55047,0.0
2481,55049,0.0
2482,55055,0.0
2483,55057,0.0
2484,55059,0.0
2485,56027,0.0
2486,56029,0.0
2487,56035,0.0
2488,56037,0.0
2489,56043,0.0
2490,72001,0.0
2491,72007,0.0
2492,72011,0.0
2493,53043,0.0
2494,53051,0.0
2495,53053,0.0
2496,48197,0.0
2497,48199,0.0
2498,48201,0.0
2499,48203,0.0
2500,48211,0.0
2501,48213,0.0
2502,48215,0.0
2503,48223,0.0
2504,48235,0.0
2505,48237,0.0
2506,48239,0.0
2507,48243,0.0
2508,48249,0.0
2509,48253,0.0
2510,48259,0.0
2511,51185,0.0
2512,51191,0.0
2513,51195,0.0
2514,51520,0.0
2515,51550,0.0
2516,51580,0.0
2517,51610,0.0
2518,51640,0.0
2519,51678,0.0
2520,51683,0.0
2521,51685,0.0
2522,51710,0.0
2523,51730,0.0
2524,51750,0.0
2525,51790,0.0
2526,55065,0.0
2527,55075,0.0
2528,55077,0.0
2529,55083,0.0
2530,55085,0.0
2531,55091,0.0
2532,55093,0.0
2533,55097,0.0
2534,53063,0.0
2535,53067,0.0
2536,53069,0.0
2537,53077,0.0
2538,54003,0.0
2539,54005,0.0
2540,54009,0.0
2541,54011,0.0
2542,54015,0.0
2543,54019,0.0
2544,12037,0.0
2545,12057,0.0
2546,12065,0.0
2547,08093,0.0
2548,08099,0.0
2549,08107,0.0
2550,08113,0.0
2551,08115,0.0
2552,05125,0.0
2553,05131,0.0
2554,05139,0.0
2555,02290,0.0
2556,18171,0.0
2557,18177,0.0
2558,19005,0.0
2559,17059,0.0
2560,17067,0.0
2561,18061,0.0
2562,18073,0.0
2563,18081,0.0
2564,18083,0.0
2565,18089,0.0
2566,18107,0.0
2567,20121,0.0
2568,20129,0.0
2569,20137,0.0
2570,20147,0.0
2571,20153,0.0
2572,20161,0.0
2573,20175,0.0
2574,22065,0.0
2575,09001,0.0
2576,05021,0.0
2577,21119,0.0
2578,21127,0.0
2579,21133,0.0
2580,21141,0.0
2581,21149,0.0
2582,21155,0.0
2583,04015,0.0
2584,21163,0.0
2585,21177,0.0
2586,19051,0.0
2587,19065,0.0
2588,19071,0.0
2589,19083,0.0
2590,19085,0.0
2591,19097,0.0
2592,19109,0.0
2593,18111,0.0
2594,19119,0.0
2595,19133,0.0
2596,19143,0.0
2597,19167,0.0
2598,19173,0.0
2599,19185,0.0
2600,19191,0.0
2601,20001,0.0
2602,20007,0.0
2603,20011,0.0
2604,22071,0.0
2605,27075,0.0
2606,21161,0.0
2607,27123,0.0
2608,27135,0.0
2609,27151,0.0
2610,27155,0.0
2611,27165,0.0
2612,27167,0.0
2613,27173,0.0
2614,28001,0.0
2615,28019,0.0
2616,28025,0.0
2617,28027,0.0
2618,19117,0.0
2619,37053,0.0
2620,37079,0.0
2621,37089,0.0
2622,42035,0.0
2623,42041,0.0
2624,20021,0.0
2625,28055,0.0
2626,28063,0.0
2627,28071,0.0
2628,23001,0.0
2629,23003,0.0
2630,22087,0.0
2631,38015,0.0
2632,38021,0.0
2633,38023,0.0
2634,38033,0.0
2635,38049,0.0
2636,28047,0.0
2637,28105,0.0
2638,28111,0.0
2639,28113,0.0
2640,28125,0.0
2641,28131,0.0
2642,35047,0.0
2643,35051,0.0
2644,35055,0.0
2645,36001,0.0
2646,36005,0.0
2647,42043,0.0
2648,42059,0.0
2649,42065,0.0
2650,42071,0.0
2651,42077,0.0
2652,42083,0.0
2653,41035,0.0
2654,23005,0.0
2655,45029,0.0
2656,45041,0.0
2657,45043,0.0
2658,47023,0.0
2659,38051,0.0
2660,38057,0.0
2661,40067,0.0
2662,40077,0.0
2663,40079,0.0
2664,40089,0.0
2665,40095,0.0
2666,40105,0.0
2667,40113,0.0
2668,36015,0.0
2669,36023,0.0
2670,36025,0.0
2671,36029,0.0
2672,40139,0.0
2673,40151,0.0
2674,41001,0.0
2675,41007,0.0
2676,41041,0.0
2677,31139,0.0
2678,31145,0.0
2679,19029,0.0
2680,19037,0.0
2681,17083,0.0
2682,17085,0.0
2683,17097,0.0
2684,17115,0.0
2685,17119,0.0
2686,47039,0.0
2687,47043,0.0
2688,47053,0.0
2689,47055,0.0
2690,23013,0.0
2691,23019,0.0
2692,23025,0.0
2693,40121,0.0
2694,40129,0.0
2695,24045,0.0
2696,25025,0.0
2697,26001,0.0
2698,41015,0.0
2699,41025,0.0
2700,26089,0.0
2701,26105,0.0
2702,28147,0.0
2703,42107,0.0
2704,42127,0.0
2705,42129,0.0
2706,49015,0.0
2707,49021,0.0
2708,49025,0.0
2709,47029,0.0
2710,23027,0.0
2711,31157,0.0
2712,31165,0.0
2713,31175,0.0
2714,31177,0.0
2715,32001,0.0
2716,32003,0.0
2717,26011,0.0
2718,30067,0.0
2719,30073,0.0
2720,30079,0.0
2721,30081,0.0
2722,30089,0.0
2723,30095,0.0
2724,26109,0.0
2725,28149,0.0
2726,28161,0.0
2727,29005,0.0
2728,29011,0.0
2729,29019,0.0
2730,29025,0.0
2731,39085,0.0
2732,39095,0.0
2733,44009,0.0
2734,45011,0.0
2735,45013,0.0
2736,32015,0.0
2737,32019,0.0
2738,32029,0.0
2739,39111,0.0
2740,39113,0.0
2741,39123,0.0
2742,39145,0.0
2743,39155,0.0
2744,30103,0.0
2745,30105,0.0
2746,38077,0.0
2747,38085,0.0
2748,38099,0.0
2749,38105,0.0
2750,29031,0.0
2751,29037,0.0
2752,36047,0.0
2753,36053,0.0
2754,36061,0.0
2755,36067,0.0
2756,41045,0.0
2757,41055,0.0
2758,41057,0.0
2759,41063,0.0
2760,41067,0.0
2761,29101,0.0
2762,29107,0.0
2763,29113,0.0
2764,29123,0.0
2765,29127,0.0
2766,39163,0.0
2767,47073,0.0
2768,47079,0.0
2769,47089,0.0
2770,47091,0.0
2771,47097,0.0
2772,47103,0.0
2773,47115,0.0
2774,47121,0.0
2775,47123,0.0
2776,47131,0.0
2777,39007,0.0
2778,48371,0.0
2779,48377,0.0
2780,48391,0.0
2781,48401,0.0
2782,48407,0.0
2783,48409,0.0
2784,36079,0.0
2785,48443,0.0
2786,48461,0.0
2787,48465,0.0
2788,48473,0.0
2789,48479,0.0
2790,48487,0.0
2791,48495,0.0
2792,48501,0.0
2793,48505,0.0
2794,49003,0.0
2795,48005,0.0
2796,48007,0.0
2797,48037,0.0
2798,48043,0.0
2799,29183,0.0
2800,29189,0.0
2801,29199,0.0
2802,24005,0.0
2803,24025,0.0
2804,26013,0.0
2805,26029,0.0
2806,30111,0.0
2807,31015,0.0
2808,31021,0.0
2809,26121,0.0
2810,26127,0.0
2811,26139,0.0
2812,26141,0.0
2813,26151,0.0
2814,26153,0.0
2815,45019,0.0
2816,46071,0.0
2817,46081,0.0
2818,46083,0.0
2819,46089,0.0
2820,46099,0.0
2821,46105,0.0
2822,46109,0.0
2823,33001,0.0
2824,33007,0.0
2825,33011,0.0
2826,33013,0.0
2827,34001,0.0
2828,34005,0.0
2829,34011,0.0
2830,31031,0.0
2831,31043,0.0
2832,31049,0.0
2833,31055,0.0
2834,31061,0.0
2835,31067,0.0
2836,39035,0.0
2837,39051,0.0
2838,39053,0.0
2839,29063,0.0
2840,29069,0.0
2841,29081,0.0
2842,29089,0.0
2843,29091,0.0
2844,37015,0.0
2845,37023,0.0
2846,37029,0.0
2847,37031,0.0
2848,29133,0.0
2849,29143,0.0
2850,29149,0.0
2851,29155,0.0
2852,29165,0.0
2853,37101,0.0
2854,37107,0.0
2855,37113,0.0
2856,37119,0.0
2857,37125,0.0
2858,40001,0.0
2859,40007,0.0
2860,40021,0.0
2861,40023,0.0
2862,40033,0.0
2863,40041,0.0
2864,40051,0.0
2865,37189,0.0
2866,48051,0.0
2867,35023,0.0
2868,35029,0.0
2869,35031,0.0
2870,35035,0.0
2871,47153,0.0
2872,47157,0.0
2873,47163,0.0
2874,47171,0.0
2875,47181,0.0
2876,45057,0.0
2877,36085,0.0
2878,36097,0.0
2879,36105,0.0
2880,36111,0.0
2881,36115,0.0
2882,36119,0.0
2883,45091,0.0
2884,46009,0.0
2885,46013,0.0
2886,46021,0.0
2887,29209,0.0
2888,29217,0.0
2889,29227,0.0
2890,30001,0.0
2891,37171,0.0
2892,37177,0.0
2893,39067,0.0
2894,39073,0.0
2895,39079,0.0
2896,48057,0.0
2897,48071,0.0
2898,48093,0.0
2899,48097,0.0
2900,24510,0.0
2901,45063,0.0
2902,45067,0.0
2903,45077,0.0
2904,26053,0.0
2905,46027,0.0
2906,46031,0.0
2907,46047,0.0
2908,46053,0.0
2909,27007,0.0
2910,27015,0.0
2911,27021,0.0
2912,27027,0.0
2913,46123,0.0
2914,46135,0.0
2915,30011,0.0
2916,30017,0.0
2917,30025,0.0
2918,30027,0.0
2919,30033,0.0
2920,30039,0.0
2921,30045,0.0
2922,31131,0.0
2923,25005,0.0
2924,25009,0.0
2925,25019,0.0
2926,34023,0.0
2927,26055,0.0
2928,31091,0.0
2929,31095,0.0
2930,31103,0.0
2931,31111,0.0
2932,28089,0.0
2933,28093,0.0
2934,27031,0.0
2935,27049,0.0
2936,27055,0.0
2937,37049,0.0
2938,37051,0.0
2939,37131,0.0
2940,37137,0.0
2941,37149,0.0
2942,37155,0.0
2943,42091,0.0
2944,42097,0.0
2945,42103,0.0
2946,34025,0.0
2947,34039,0.0
2948,35003,0.0
2949,35005,0.0
2950,35009,0.0
2951,30061,0.0
2952,38001,0.0
2953,09011,0.0
2954,10001,0.0
2955,10003,0.0
2956,12009,0.0
2957,12075,0.0
2958,05031,0.0
2959,05035,0.0
2960,05041,0.0
2961,05057,0.0
2962,05063,0.0
2963,05069,0.0
2964,05075,0.0
2965,05077,0.0
2966,04025,0.0
2967,05005,0.0
2968,05007,0.0
2969,16073,0.0
2970,16085,0.0
2971,16087,0.0
2972,17013,0.0
2973,17021,0.0
2974,17027,0.0
2975,16031,0.0
2976,16035,0.0
2977,16037,0.0
2978,16049,0.0
2979,16059,0.0
2980,18023,0.0
2981,02282,0.0
2982,12021,0.0
2983,12033,0.0
2984,15003,0.0
2985,16007,0.0
2986,16011,0.0
2987,16013,0.0
2988,05105,0.0
2989,05107,0.0
2990,05119,0.0
2991,17031,0.0
2992,18123,0.0
2993,18129,0.0
2994,18143,0.0
2995,18147,0.0
2996,18155,0.0
2997,18163,0.0
2998,18029,0.0
2999,18037,0.0
3000,18039,0.0
3001,13135,0.0
3002,13145,0.0
3003,13151,0.0
3004,13161,0.0
3005,13167,0.0
3006,13177,0.0
3007,13179,0.0
3008,20107,0.0
3009,20117,0.0
3010,17149,0.0
3011,17157,0.0
3012,17161,0.0
3013,17171,0.0
3014,17173,0.0
3015,17181,0.0
3016,17185,0.0
3017,17193,0.0
3018,17201,0.0
3019,13287,0.0
3020,13291,0.0
3021,13299,0.0
3022,21105,0.0
3023,48273,0.0
3024,48311,0.0
3025,48315,0.0
3026,48321,0.0
3027,48337,0.0
3028,54047,0.0
3029,54057,0.0
3030,54063,0.0
3031,54071,0.0
3032,54077,0.0
3033,51059,0.0
3034,51071,0.0
3035,51077,0.0
3036,51083,0.0
3037,51089,0.0
3038,51093,0.0
3039,51099,0.0
3040,51105,0.0
3041,21033,0.0
3042,13305,0.0
3043,51117,0.0
3044,72023,0.0
3045,72033,0.0
3046,72037,0.0
3047,72047,0.0
3048,72049,0.0
3049,72057,0.0
3050,72065,0.0
3051,53007,0.0
3052,72087,0.0
3053,72091,0.0
3054,72097,0.0
3055,72107,0.0
3056,72113,0.0
3057,72121,0.0
3058,72127,0.0
3059,72133,0.0
3060,72141,0.0
3061,48117,0.0
3062,48261,0.0
3063,48135,0.0
3064,48141,0.0
3065,48155,0.0
3066,48161,0.0
3067,48165,0.0
3068,51107,0.0
3069,51131,0.0
3070,51147,0.0
3071,51149,0.0
3072,51159,0.0
3073,51161,0.0
3074,51165,0.0
3075,51175,0.0
3076,51177,0.0
3077,72071,0.0
3078,55061,0.0
3079,56039,0.0
3080,72003,0.0
3081,72009,0.0
3082,72015,0.0
3083,53047,0.0
3084,48129,0.0
3085,48167,0.0
3086,48221,0.0
3087,48225,0.0
3088,48229,0.0
3089,48245,0.0
3090,48257,0.0
3091,51193,0.0
3092,51199,0.0
3093,53031,0.0
3094,55031,0.0
3095,55051,0.0
3096,53049,0.0
3097,51570,0.0
3098,51630,0.0
3099,51650,0.0
3100,51700,0.0
3101,51735,0.0
3102,51770,0.0
3103,55071,0.0
3104,55079,0.0
3105,55089,0.0
3106,53055,0.0
3107,53061,0.0
3108,53071,0.0
3109,53073,0.0
3110,22039,0.0
3111,27139,0.0
3112,31113,0.0
3113,37043,0.0
3114,39057,0.0
3115,36009,0.0
3116,47169,0.0
3117,46073,0.0
3118,48365,0.0
3119,48207,0.0
3120,51690,0.0
3121,55131,0.0
3122,54067,0.0
3123,51087,0.0
3124,01043,0.0
3125,01109,0.0
3126,09009,0.0
3127,05049,0.0
3128,05127,0.0
3129,21117,0.0
3130,19123,0.0
3131,47015,0.0
3132,38011,0.0
3133,38083,0.0
3134,48375,0.0
3135,31065,0.0
3136,28135,0.0
3137,41019,0.0
3138,29013,0.0
3139,55001,0.0
3140,53057,0.0
3141,06085,0.0
3142,13017,0.0
3143,18047,0.0
3144,22123,0.0
3145,26067,0.0
3146,37185,0.0
3147,45015,0.0
3148,13045,0.0
3149,37093,0.0
3150,20149,0.0
3151,28033,0.0
3152,42001,0.0
3153,37161,0.0
3154,21051,0.0
3155,13245,0.0
3156,13251,0.0
3157,13261,0.0
3158,13263,0.0
3159,13273,0.0
3160,20193,0.0
3161,20199,0.0
3162,20201,0.0
3163,21195,0.0
3164,21211,0.0
3165,21213,0.0
3166,21223,0.0
3167,21225,0.0
3168,20037,0.0
3169,20043,0.0
3170,20061,0.0
3171,20067,0.0
3172,20071,0.0
3173,20083,0.0
3174,20089,0.0
3175,22019,0.0
3176,22027,0.0
3177,22029,0.0
3178,22037,0.0
3179,53009,0.0
3180,53027,0.0
3181,55105,0.0
3182,55117,0.0
3183,55127,0.0
3184,55009,0.0
3185,49047,0.0
3186,49053,0.0
3187,50001,0.0
3188,50009,0.0
3189,50017,0.0
3190,50023,0.0
3191,22003,0.0
3192,22009,0.0
3193,22101,0.0
3194,22107,0.0
3195,22109,0.0
3196,21021,0.0
3197,21023,0.0
3198,22045,0.0
3199,21047,0.0
3200,21055,0.0
3201,21059,0.0
3202,21073,0.0
3203,21075,0.0
3204,21089,0.0
3205,21095,0.0
3206,55137,0.0
3207,56001,0.0
3208,56007,0.0
3209,56011,0.0
3210,56013,0.0
3211,56021,0.0
3212,54031,0.0
3213,54035,0.0
3214,54041,0.0
3215,50027,0.0
3216,51001,0.0
3217,51021,0.0
3218,51027,0.0
3219,51037,0.0
3220,51041,0.0
